{"epoch": 0, "training loss": 50.431302070617676, "_runtime": 188, "_timestamp": 1616911957, "_step": 48126, "val loss": 1716.1699018478394}